{"IcoMoonType":"selection","icons":[{"icon":{"paths":["M854 86q34 0 59 25t25 59v512q0 34-25 60t-59 26h-598l-170 170v-768q0-34 25-59t59-25h684z"],"attrs":[],"isMulticolor":false,"isMulticolor2":false,"tags":["chat_bubble"],"grid":24},"attrs":[],"properties":{"ligatures":"chat_bubble","id":0,"order":63,"prevSize":24,"code":59672,"name":"chat_bubble"},"setIdx":0,"setId":6,"iconIdx":0},{"icon":{"paths":["M598 214h170v596h-170v-596zM256 810v-596h170v596h-170z"],"attrs":[],"isMulticolor":false,"isMulticolor2":false,"tags":["pause"],"grid":24},"attrs":[],"properties":{"ligatures":"pause","id":1,"order":60,"prevSize":24,"code":59665,"name":"pause1"},"setIdx":0,"setId":6,"iconIdx":1},{"icon":{"paths":["M342 214l468 298-468 298v-596z"],"attrs":[],"isMulticolor":false,"isMulticolor2":false,"tags":["play_arrow"],"grid":24},"attrs":[],"properties":{"ligatures":"play_arrow","id":2,"order":42,"prevSize":24,"code":59648,"name":"play_arrow"},"setIdx":0,"setId":6,"iconIdx":2},{"icon":{"paths":["M298 384h172l212-214v684l-212-214h-172v-256z"],"attrs":[],"isMulticolor":false,"isMulticolor2":false,"tags":["volume_mute"],"grid":24},"attrs":[],"properties":{"ligatures":"volume_mute","id":3,"order":53,"prevSize":24,"code":59666,"name":"volume_mute"},"setIdx":0,"setId":6,"iconIdx":3},{"icon":{"paths":["M598 138q130 28 214 133t84 241-84 241-214 133v-88q94-28 153-106t59-180-59-180-153-106v-88zM704 512q0 120-106 172v-344q44 22 75 72t31 100zM128 384h170l214-214v684l-214-214h-170v-256z"],"attrs":[],"isMulticolor":false,"isMulticolor2":false,"tags":["volume_up"],"grid":24},"attrs":[],"properties":{"ligatures":"volume_up","id":4,"order":52,"prevSize":24,"code":59667,"name":"volume_up"},"setIdx":0,"setId":6,"iconIdx":4},{"icon":{"paths":["M810 554h-256v256h-84v-256h-256v-84h256v-256h84v256h256v84z"],"attrs":[],"isMulticolor":false,"isMulticolor2":false,"tags":["add"],"grid":24},"attrs":[],"properties":{"ligatures":"add","id":5,"order":57,"prevSize":24,"code":59662,"name":"add"},"setIdx":0,"setId":6,"iconIdx":5},{"icon":{"paths":["M810 274l-238 238 238 238-60 60-238-238-238 238-60-60 238-238-238-238 60-60 238 238 238-238z"],"attrs":[],"isMulticolor":false,"isMulticolor2":false,"tags":["clear","close"],"grid":24},"attrs":[],"properties":{"ligatures":"clear, close","id":6,"order":56,"prevSize":24,"code":59670,"name":"clear"},"setIdx":0,"setId":6,"iconIdx":6},{"icon":{"paths":["M810 554h-596v-84h596v84z"],"attrs":[],"isMulticolor":false,"isMulticolor2":false,"tags":["remove"],"grid":24},"attrs":[],"properties":{"ligatures":"remove","id":7,"order":58,"prevSize":24,"code":59664,"name":"remove1"},"setIdx":0,"setId":6,"iconIdx":7},{"icon":{"paths":["M512 256l-80 214h160zM406 546l-40 94h-88l202-470h64l202 470h-88l-40-94h-212zM214 726h596v84h-596v-84z"],"attrs":[],"isMulticolor":false,"isMulticolor2":false,"tags":["text_format"],"grid":24},"attrs":[],"properties":{"ligatures":"text_format","id":8,"order":44,"prevSize":24,"code":59649,"name":"text_format"},"setIdx":0,"setId":6,"iconIdx":8},{"icon":{"paths":["M554 384h236l-236-234v234zM256 86h342l256 256v512q0 34-26 59t-60 25h-512q-34 0-60-25t-26-59l2-684q0-34 25-59t59-25z"],"attrs":[],"isMulticolor":false,"isMulticolor2":false,"tags":["insert_drive_file"],"grid":24},"attrs":[],"properties":{"ligatures":"insert_drive_file","id":9,"order":51,"prevSize":24,"code":59650,"name":"insert_drive_file"},"setIdx":0,"setId":6,"iconIdx":9},{"icon":{"paths":["M214 768h596v86h-596v-86zM810 384l-298 298-298-298h170v-256h256v256h170z"],"attrs":[],"isMulticolor":false,"isMulticolor2":false,"tags":["file_download","get_app"],"grid":24},"attrs":[],"properties":{"ligatures":"file_download, get_app","id":10,"order":50,"prevSize":24,"code":59651,"name":"file_download"},"setIdx":0,"setId":6,"iconIdx":10},{"icon":{"paths":["M658 708l-60 60-256-256 256-256 60 60-196 196z"],"attrs":[],"isMulticolor":false,"isMulticolor2":false,"tags":["keyboard_arrow_left"],"grid":24},"attrs":[],"properties":{"ligatures":"keyboard_arrow_left","id":11,"order":68,"prevSize":24,"code":59652,"name":"keyboard_arrow_left"},"setIdx":0,"setId":6,"iconIdx":11},{"icon":{"paths":["M366 708l196-196-196-196 60-60 256 256-256 256z"],"attrs":[],"isMulticolor":false,"isMulticolor2":false,"tags":["keyboard_arrow_right"],"grid":24},"attrs":[],"properties":{"ligatures":"keyboard_arrow_right","id":12,"order":35,"prevSize":24,"code":59653,"name":"keyboard_arrow_right"},"setIdx":0,"setId":6,"iconIdx":12},{"icon":{"paths":["M598 490v-128h42v128h-42zM170 256v598h598v84h-598q-34 0-59-25t-25-59v-598h84zM384 406v-44h42v44h-42zM874 362v-64h-128v256h64v-84h64v-64h-64v-44h64zM704 490v-128q0-26-18-45t-46-19h-106v256h106q28 0 46-19t18-45zM490 406v-44q0-26-19-45t-45-19h-106v256h64v-84h42q26 0 45-19t19-45zM854 86q34 0 59 25t25 59v512q0 34-25 60t-59 26h-512q-34 0-60-26t-26-60v-512q0-34 26-59t60-25h512z"],"attrs":[],"isMulticolor":false,"isMulticolor2":false,"tags":["picture_as_pdf"],"grid":24},"attrs":[],"properties":{"ligatures":"picture_as_pdf","id":13,"order":54,"prevSize":24,"code":59668,"name":"picture_as_pdf"},"setIdx":0,"setId":6,"iconIdx":13},{"icon":{"paths":["M768 128v170h-512v-170h512zM810 512q18 0 31-12t13-30-13-31-31-13-30 13-12 31 12 30 30 12zM682 810v-212h-340v212h340zM810 342q52 0 90 38t38 90v256h-170v170h-512v-170h-170v-256q0-52 38-90t90-38h596z"],"attrs":[],"isMulticolor":false,"isMulticolor2":false,"tags":["local_printshop","print"],"grid":24},"attrs":[],"properties":{"ligatures":"local_printshop, print","id":14,"order":49,"prevSize":24,"code":59654,"name":"local_printshop"},"setIdx":0,"setId":6,"iconIdx":14},{"icon":{"paths":["M896 640v256h-256l98-98-124-122 62-62 122 124zM384 896h-256v-256l98 98 122-124 62 62-124 122zM128 384v-256h256l-98 98 124 122-62 62-122-124zM640 128h256v256l-98-98-122 124-62-62 124-122z"],"attrs":[],"isMulticolor":false,"isMulticolor2":false,"tags":["zoom_out_map"],"grid":24},"attrs":[],"properties":{"ligatures":"zoom_out_map","id":15,"order":39,"prevSize":24,"code":59655,"name":"zoom_out_map"},"setIdx":0,"setId":6,"iconIdx":15},{"icon":{"paths":["M598 214h212v212h-84v-128h-128v-84zM726 726v-128h84v212h-212v-84h128zM214 426v-212h212v84h-128v128h-84zM298 598v128h128v84h-212v-212h84z"],"attrs":[],"isMulticolor":false,"isMulticolor2":false,"tags":["fullscreen"],"grid":24},"attrs":[],"properties":{"ligatures":"fullscreen","id":16,"order":41,"prevSize":24,"code":59656,"name":"fullscreen"},"setIdx":0,"setId":6,"iconIdx":16},{"icon":{"paths":["M682 342h128v84h-212v-212h84v128zM598 810v-212h212v84h-128v128h-84zM342 342v-128h84v212h-212v-84h128zM214 682v-84h212v212h-84v-128h-128z"],"attrs":[],"isMulticolor":false,"isMulticolor2":false,"tags":["fullscreen_exit"],"grid":24},"attrs":[],"properties":{"ligatures":"fullscreen_exit","id":17,"order":40,"prevSize":24,"code":59657,"name":"fullscreen_exit"},"setIdx":0,"setId":6,"iconIdx":17},{"icon":{"paths":["M256 256h86v512h-86v-512zM786 708l-60 60-256-256 256-256 60 60-196 196z"],"attrs":[],"isMulticolor":false,"isMulticolor2":false,"tags":["first_page"],"grid":24},"attrs":[],"properties":{"ligatures":"first_page","id":18,"order":32,"prevSize":24,"code":59658,"name":"first_page"},"setIdx":0,"setId":6,"iconIdx":18},{"icon":{"paths":["M682 256h86v512h-86v-512zM238 316l60-60 256 256-256 256-60-60 196-196z"],"attrs":[],"isMulticolor":false,"isMulticolor2":false,"tags":["last_page"],"grid":24},"attrs":[],"properties":{"ligatures":"last_page","id":19,"order":33,"prevSize":24,"code":59659,"name":"last_page"},"setIdx":0,"setId":6,"iconIdx":19},{"icon":{"paths":["M768 686q52 0 88 37t36 87q0 52-37 89t-87 37-87-37-37-89q0-20 2-28l-302-176q-38 34-88 34-52 0-90-38t-38-90 38-90 90-38q50 0 88 34l300-174q-4-20-4-30 0-52 38-90t90-38 90 38 38 90-38 90-90 38q-48 0-88-36l-300 176q4 20 4 30t-4 30l304 176q36-32 84-32z"],"attrs":[],"isMulticolor":false,"isMulticolor2":false,"tags":["share"],"grid":24},"attrs":[],"properties":{"ligatures":"share","id":20,"order":36,"prevSize":24,"code":59660,"name":"share1"},"setIdx":0,"setId":6,"iconIdx":20},{"icon":{"paths":["M726 128q34 0 59 26t25 60v682l-298-128-298 128v-682q0-34 25-60t59-26h428z"],"attrs":[],"isMulticolor":false,"isMulticolor2":false,"tags":["bookmark","turned_in"],"grid":24},"attrs":[],"properties":{"ligatures":"bookmark, turned_in","id":21,"order":62,"prevSize":24,"code":59671,"name":"bookmark1"},"setIdx":0,"setId":6,"iconIdx":21},{"icon":{"paths":["M406 598q80 0 136-56t56-136-56-136-136-56-136 56-56 136 56 136 136 56zM662 598l212 212-64 64-212-212v-34l-12-12q-76 66-180 66-116 0-197-80t-81-196 81-197 197-81 196 81 80 197q0 42-20 95t-46 85l12 12h34z"],"attrs":[],"isMulticolor":false,"isMulticolor2":false,"tags":["search"],"grid":24},"attrs":[],"properties":{"ligatures":"search","id":22,"order":43,"prevSize":24,"code":59661,"name":"search1"},"setIdx":0,"setId":6,"iconIdx":22},{"icon":{"paths":["M810 554v-84h86v84h-86zM810 298h86v86h-86v-86zM810 726v-86h86v86h-86zM128 726v-86h598v86h-598zM128 554v-84h598v84h-598zM128 384v-86h598v86h-598z"],"attrs":[],"isMulticolor":false,"isMulticolor2":false,"tags":["toc"],"grid":24},"attrs":[],"properties":{"ligatures":"toc","id":23,"order":55,"prevSize":24,"code":59669,"name":"toc"},"setIdx":0,"setId":6,"iconIdx":23},{"icon":{"paths":["M682 214h214v256h-214v-256zM426 470v-256h214v256h-214zM682 768v-256h214v256h-214zM426 768v-256h214v256h-214zM170 768v-256h214v256h-214zM170 470v-256h214v256h-214z"],"attrs":[],"isMulticolor":false,"isMulticolor2":false,"tags":["view_module"],"grid":24},"attrs":[],"properties":{"ligatures":"view_module","id":24,"order":46,"prevSize":24,"code":59663,"name":"view_module"},"setIdx":0,"setId":6,"iconIdx":24},{"icon":{"paths":["M199.429 357.143v566.286h-188.571v-566.286h188.571zM211.429 182.286c0.571 54.286-40.571 97.714-106.286 97.714v0h-1.143c-63.429 0-104-43.429-104-97.714 0-55.429 42.286-97.714 106.286-97.714 64.571 0 104.571 42.286 105.143 97.714zM877.714 598.857v324.571h-188v-302.857c0-76-27.429-128-95.429-128-52 0-82.857 34.857-96.571 68.571-4.571 12.571-6.286 29.143-6.286 46.286v316h-188c2.286-513.143 0-566.286 0-566.286h188v82.286h-1.143c24.571-38.857 69.143-95.429 170.857-95.429 124 0 216.571 81.143 216.571 254.857z"],"width":877.7142857142857,"attrs":[],"isMulticolor":false,"isMulticolor2":false,"tags":["linkedin"],"defaultCode":61665,"grid":14},"attrs":[],"properties":{"name":"linkedin","id":0,"order":66,"prevSize":28,"code":61665},"setIdx":1,"setId":5,"iconIdx":0},{"icon":{"paths":["M1024 512c0 202.286-229.143 365.714-512 365.714-28 0-56-1.714-82.857-4.571-74.857 66.286-164 113.143-262.857 138.286-20.571 5.714-42.857 9.714-65.143 12.571-12.571 1.143-24.571-8-27.429-21.714v-0.571c-2.857-14.286 6.857-22.857 15.429-33.143 36-40.571 77.143-74.857 104-170.286-117.714-66.857-193.143-170.286-193.143-286.286 0-201.714 229.143-365.714 512-365.714s512 163.429 512 365.714z"],"attrs":[{}],"isMulticolor":false,"isMulticolor2":false,"tags":["comment"],"grid":14},"attrs":[{}],"properties":{"order":1,"id":1,"prevSize":28,"code":59673,"name":"comment"},"setIdx":1,"setId":5,"iconIdx":1},{"icon":{"paths":["M804.571 420.571v109.714c0 30.286-24.571 54.857-54.857 54.857h-237.714v237.714c0 30.286-24.571 54.857-54.857 54.857h-109.714c-30.286 0-54.857-24.571-54.857-54.857v-237.714h-237.714c-30.286 0-54.857-24.571-54.857-54.857v-109.714c0-30.286 24.571-54.857 54.857-54.857h237.714v-237.714c0-30.286 24.571-54.857 54.857-54.857h109.714c30.286 0 54.857 24.571 54.857 54.857v237.714h237.714c30.286 0 54.857 24.571 54.857 54.857z"],"width":804.5714285714286,"attrs":[],"isMulticolor":false,"isMulticolor2":false,"tags":["plus"],"defaultCode":61543,"grid":14},"attrs":[],"properties":{"name":"plus","id":2,"order":11,"prevSize":28,"code":61543},"setIdx":1,"setId":5,"iconIdx":2},{"icon":{"paths":["M804.571 420.571v109.714c0 30.286-24.571 54.857-54.857 54.857h-694.857c-30.286 0-54.857-24.571-54.857-54.857v-109.714c0-30.286 24.571-54.857 54.857-54.857h694.857c30.286 0 54.857 24.571 54.857 54.857z"],"width":804.5714285714286,"attrs":[],"isMulticolor":false,"isMulticolor2":false,"tags":["minus"],"defaultCode":61544,"grid":14},"attrs":[],"properties":{"name":"minus","id":3,"order":12,"prevSize":28,"code":61544},"setIdx":1,"setId":5,"iconIdx":3},{"icon":{"paths":["M658.286 475.429c0-141.143-114.857-256-256-256s-256 114.857-256 256 114.857 256 256 256 256-114.857 256-256zM950.857 950.857c0 40-33.143 73.143-73.143 73.143-19.429 0-38.286-8-51.429-21.714l-196-195.429c-66.857 46.286-146.857 70.857-228 70.857-222.286 0-402.286-180-402.286-402.286s180-402.286 402.286-402.286 402.286 180 402.286 402.286c0 81.143-24.571 161.143-70.857 228l196 196c13.143 13.143 21.143 32 21.143 51.429z"],"width":950.8571428571428,"attrs":[],"isMulticolor":false,"isMulticolor2":false,"tags":["search"],"defaultCode":61442,"grid":14},"attrs":[],"properties":{"name":"search","id":4,"order":25,"prevSize":28,"code":61442},"setIdx":1,"setId":5,"iconIdx":4},{"icon":{"paths":["M438.857 585.143v219.429c0 40-33.143 73.143-73.143 73.143h-292.571c-40 0-73.143-33.143-73.143-73.143v-219.429c0-40 33.143-73.143 73.143-73.143h292.571c40 0 73.143 33.143 73.143 73.143zM438.857 146.286v219.429c0 40-33.143 73.143-73.143 73.143h-292.571c-40 0-73.143-33.143-73.143-73.143v-219.429c0-40 33.143-73.143 73.143-73.143h292.571c40 0 73.143 33.143 73.143 73.143zM950.857 585.143v219.429c0 40-33.143 73.143-73.143 73.143h-292.571c-40 0-73.143-33.143-73.143-73.143v-219.429c0-40 33.143-73.143 73.143-73.143h292.571c40 0 73.143 33.143 73.143 73.143zM950.857 146.286v219.429c0 40-33.143 73.143-73.143 73.143h-292.571c-40 0-73.143-33.143-73.143-73.143v-219.429c0-40 33.143-73.143 73.143-73.143h292.571c40 0 73.143 33.143 73.143 73.143z"],"width":950.8571428571428,"attrs":[],"isMulticolor":false,"isMulticolor2":false,"tags":["th-large"],"defaultCode":61449,"grid":14},"attrs":[],"properties":{"name":"th-large","id":5,"order":14,"prevSize":28,"code":61449},"setIdx":1,"setId":5,"iconIdx":5},{"icon":{"paths":["M741.714 755.429c0 14.286-5.714 28.571-16 38.857l-77.714 77.714c-10.286 10.286-24.571 16-38.857 16s-28.571-5.714-38.857-16l-168-168-168 168c-10.286 10.286-24.571 16-38.857 16s-28.571-5.714-38.857-16l-77.714-77.714c-10.286-10.286-16-24.571-16-38.857s5.714-28.571 16-38.857l168-168-168-168c-10.286-10.286-16-24.571-16-38.857s5.714-28.571 16-38.857l77.714-77.714c10.286-10.286 24.571-16 38.857-16s28.571 5.714 38.857 16l168 168 168-168c10.286-10.286 24.571-16 38.857-16s28.571 5.714 38.857 16l77.714 77.714c10.286 10.286 16 24.571 16 38.857s-5.714 28.571-16 38.857l-168 168 168 168c10.286 10.286 16 24.571 16 38.857z"],"width":804.5714285714286,"attrs":[],"isMulticolor":false,"isMulticolor2":false,"tags":["close","remove","times"],"defaultCode":61453,"grid":14},"attrs":[],"properties":{"name":"close, remove, times","id":6,"order":4,"prevSize":28,"code":61453},"setIdx":1,"setId":5,"iconIdx":6},{"icon":{"paths":["M731.429 768c0-20-16.571-36.571-36.571-36.571s-36.571 16.571-36.571 36.571 16.571 36.571 36.571 36.571 36.571-16.571 36.571-36.571zM877.714 768c0-20-16.571-36.571-36.571-36.571s-36.571 16.571-36.571 36.571 16.571 36.571 36.571 36.571 36.571-16.571 36.571-36.571zM950.857 640v182.857c0 30.286-24.571 54.857-54.857 54.857h-841.143c-30.286 0-54.857-24.571-54.857-54.857v-182.857c0-30.286 24.571-54.857 54.857-54.857h265.714l77.143 77.714c21.143 20.571 48.571 32 77.714 32s56.571-11.429 77.714-32l77.714-77.714h265.143c30.286 0 54.857 24.571 54.857 54.857zM765.143 314.857c5.714 13.714 2.857 29.714-8 40l-256 256c-6.857 7.429-16.571 10.857-25.714 10.857s-18.857-3.429-25.714-10.857l-256-256c-10.857-10.286-13.714-26.286-8-40 5.714-13.143 18.857-22.286 33.714-22.286h146.286v-256c0-20 16.571-36.571 36.571-36.571h146.286c20 0 36.571 16.571 36.571 36.571v256h146.286c14.857 0 28 9.143 33.714 22.286z"],"width":950.8571428571428,"attrs":[],"isMulticolor":false,"isMulticolor2":false,"tags":["download"],"defaultCode":61465,"grid":14},"attrs":[],"properties":{"name":"download","id":7,"order":17,"prevSize":28,"code":61465},"setIdx":1,"setId":5,"iconIdx":7},{"icon":{"paths":["M438.857 201.143v621.714c0 20-16.571 36.571-36.571 36.571-9.714 0-18.857-4-25.714-10.857l-190.286-190.286h-149.714c-20 0-36.571-16.571-36.571-36.571v-219.429c0-20 16.571-36.571 36.571-36.571h149.714l190.286-190.286c6.857-6.857 16-10.857 25.714-10.857 20 0 36.571 16.571 36.571 36.571z"],"width":438.85714285714283,"attrs":[],"isMulticolor":false,"isMulticolor2":false,"tags":["volume-off"],"defaultCode":61478,"grid":14},"attrs":[],"properties":{"name":"volume-off","id":8,"order":20,"prevSize":28,"code":61478},"setIdx":1,"setId":5,"iconIdx":8},{"icon":{"paths":["M438.857 201.143v621.714c0 20-16.571 36.571-36.571 36.571-9.714 0-18.857-4-25.714-10.857l-190.286-190.286h-149.714c-20 0-36.571-16.571-36.571-36.571v-219.429c0-20 16.571-36.571 36.571-36.571h149.714l190.286-190.286c6.857-6.857 16-10.857 25.714-10.857 20 0 36.571 16.571 36.571 36.571zM658.286 512c0 57.143-34.857 112.571-88.571 134.286-4.571 2.286-9.714 2.857-14.286 2.857-20 0-36.571-16-36.571-36.571 0-43.429 66.286-31.429 66.286-100.571s-66.286-57.143-66.286-100.571c0-20.571 16.571-36.571 36.571-36.571 4.571 0 9.714 0.571 14.286 2.857 53.714 21.143 88.571 77.143 88.571 134.286zM804.571 512c0 116-69.714 224-177.143 269.143-4.571 1.714-9.714 2.857-14.286 2.857-20.571 0-37.143-16.571-37.143-36.571 0-16 9.143-26.857 22.286-33.714 15.429-8 29.714-14.857 43.429-25.143 56.571-41.143 89.714-106.857 89.714-176.571s-33.143-135.429-89.714-176.571c-13.714-10.286-28-17.143-43.429-25.143-13.143-6.857-22.286-17.714-22.286-33.714 0-20 16.571-36.571 36.571-36.571 5.143 0 10.286 1.143 14.857 2.857 107.429 45.143 177.143 153.143 177.143 269.143zM950.857 512c0 175.429-104.571 334.286-265.714 403.429-4.571 1.714-9.714 2.857-14.857 2.857-20 0-36.571-16.571-36.571-36.571 0-16.571 8.571-25.714 22.286-33.714 8-4.571 17.143-7.429 25.714-12 16-8.571 32-18.286 46.857-29.143 93.714-69.143 149.143-178.286 149.143-294.857s-55.429-225.714-149.143-294.857c-14.857-10.857-30.857-20.571-46.857-29.143-8.571-4.571-17.714-7.429-25.714-12-13.714-8-22.286-17.143-22.286-33.714 0-20 16.571-36.571 36.571-36.571 5.143 0 10.286 1.143 14.857 2.857 161.143 69.143 265.714 228 265.714 403.429z"],"width":950.8571428571428,"attrs":[],"isMulticolor":false,"isMulticolor2":false,"tags":["volume-up"],"defaultCode":61480,"grid":14},"attrs":[],"properties":{"name":"volume-up","id":9,"order":19,"prevSize":28,"code":61480},"setIdx":1,"setId":5,"iconIdx":9},{"icon":{"paths":["M665.143 73.143c8.571 0 17.143 1.714 25.143 5.143 25.143 9.714 41.143 33.143 41.143 58.857v736.571c0 25.714-16 49.143-41.143 58.857-8 3.429-16.571 4.571-25.143 4.571-17.714 0-34.286-6.286-47.429-18.286l-252-242.286-252 242.286c-13.143 12-29.714 18.857-47.429 18.857-8.571 0-17.143-1.714-25.143-5.143-25.143-9.714-41.143-33.143-41.143-58.857v-736.571c0-25.714 16-49.143 41.143-58.857 8-3.429 16.571-5.143 25.143-5.143h598.857z"],"width":731.4285714285713,"attrs":[],"isMulticolor":false,"isMulticolor2":false,"tags":["bookmark"],"defaultCode":61486,"grid":14},"attrs":[],"properties":{"name":"bookmark","id":10,"order":26,"prevSize":28,"code":61486},"setIdx":1,"setId":5,"iconIdx":10},{"icon":{"paths":["M219.429 877.714h512v-146.286h-512v146.286zM219.429 512h512v-219.429h-91.429c-30.286 0-54.857-24.571-54.857-54.857v-91.429h-365.714v365.714zM877.714 548.571c0-20-16.571-36.571-36.571-36.571s-36.571 16.571-36.571 36.571 16.571 36.571 36.571 36.571 36.571-16.571 36.571-36.571zM950.857 548.571v237.714c0 9.714-8.571 18.286-18.286 18.286h-128v91.429c0 30.286-24.571 54.857-54.857 54.857h-548.571c-30.286 0-54.857-24.571-54.857-54.857v-91.429h-128c-9.714 0-18.286-8.571-18.286-18.286v-237.714c0-60 49.714-109.714 109.714-109.714h36.571v-310.857c0-30.286 24.571-54.857 54.857-54.857h384c30.286 0 72 17.143 93.714 38.857l86.857 86.857c21.714 21.714 38.857 63.429 38.857 93.714v146.286h36.571c60 0 109.714 49.714 109.714 109.714z"],"width":950.8571428571428,"attrs":[],"isMulticolor":false,"isMulticolor2":false,"tags":["print"],"defaultCode":61487,"grid":14},"attrs":[],"properties":{"name":"print","id":11,"order":16,"prevSize":28,"code":61487},"setIdx":1,"setId":5,"iconIdx":11},{"icon":{"paths":["M790.857 529.714l-758.857 421.714c-17.714 9.714-32 1.143-32-18.857v-841.143c0-20 14.286-28.571 32-18.857l758.857 421.714c17.714 9.714 17.714 25.714 0 35.429z"],"width":808.5942857142857,"attrs":[],"isMulticolor":false,"isMulticolor2":false,"tags":["play"],"defaultCode":61515,"grid":14},"attrs":[],"properties":{"name":"play","id":12,"order":10,"prevSize":28,"code":61515},"setIdx":1,"setId":5,"iconIdx":12},{"icon":{"paths":["M877.714 109.714v804.571c0 20-16.571 36.571-36.571 36.571h-292.571c-20 0-36.571-16.571-36.571-36.571v-804.571c0-20 16.571-36.571 36.571-36.571h292.571c20 0 36.571 16.571 36.571 36.571zM365.714 109.714v804.571c0 20-16.571 36.571-36.571 36.571h-292.571c-20 0-36.571-16.571-36.571-36.571v-804.571c0-20 16.571-36.571 36.571-36.571h292.571c20 0 36.571 16.571 36.571 36.571z"],"width":877.7142857142857,"attrs":[],"isMulticolor":false,"isMulticolor2":false,"tags":["pause"],"defaultCode":61516,"grid":14},"attrs":[],"properties":{"name":"pause","id":13,"order":61,"prevSize":28,"code":61516},"setIdx":1,"setId":5,"iconIdx":13},{"icon":{"paths":["M1024 365.714c0 9.714-4 18.857-10.857 25.714l-292.571 292.571c-6.857 6.857-16 10.857-25.714 10.857-20 0-36.571-16.571-36.571-36.571v-146.286h-128c-246.286 0-408 47.429-408 320 0 23.429 1.143 46.857 2.857 70.286 0.571 9.143 2.857 19.429 2.857 28.571 0 10.857-6.857 20-18.286 20-8 0-12-4-16-9.714-8.571-12-14.857-30.286-21.143-43.429-32.571-73.143-72.571-177.714-72.571-257.714 0-64 6.286-129.714 30.286-190.286 79.429-197.143 312.571-230.286 500-230.286h128v-146.286c0-20 16.571-36.571 36.571-36.571 9.714 0 18.857 4 25.714 10.857l292.571 292.571c6.857 6.857 10.857 16 10.857 25.714z"],"width":1024,"attrs":[],"isMulticolor":false,"isMulticolor2":false,"tags":["mail-forward","share"],"defaultCode":61540,"grid":14},"attrs":[],"properties":{"name":"mail-forward, share","id":14,"order":15,"prevSize":28,"code":61540},"setIdx":1,"setId":5,"iconIdx":14},{"icon":{"paths":["M431.429 603.429c0 4.571-2.286 9.714-5.714 13.143l-189.714 189.714 82.286 82.286c6.857 6.857 10.857 16 10.857 25.714 0 20-16.571 36.571-36.571 36.571h-256c-20 0-36.571-16.571-36.571-36.571v-256c0-20 16.571-36.571 36.571-36.571 9.714 0 18.857 4 25.714 10.857l82.286 82.286 189.714-189.714c3.429-3.429 8.571-5.714 13.143-5.714s9.714 2.286 13.143 5.714l65.143 65.143c3.429 3.429 5.714 8.571 5.714 13.143zM877.714 109.714v256c0 20-16.571 36.571-36.571 36.571-9.714 0-18.857-4-25.714-10.857l-82.286-82.286-189.714 189.714c-3.429 3.429-8.571 5.714-13.143 5.714s-9.714-2.286-13.143-5.714l-65.143-65.143c-3.429-3.429-5.714-8.571-5.714-13.143s2.286-9.714 5.714-13.143l189.714-189.714-82.286-82.286c-6.857-6.857-10.857-16-10.857-25.714 0-20 16.571-36.571 36.571-36.571h256c20 0 36.571 16.571 36.571 36.571z"],"width":877.7142857142857,"attrs":[],"isMulticolor":false,"isMulticolor2":false,"tags":["expand"],"defaultCode":61541,"grid":14},"attrs":[],"properties":{"name":"expand","id":15,"order":21,"prevSize":28,"code":61541},"setIdx":1,"setId":5,"iconIdx":15},{"icon":{"paths":["M438.857 548.571v256c0 20-16.571 36.571-36.571 36.571-9.714 0-18.857-4-25.714-10.857l-82.286-82.286-189.714 189.714c-3.429 3.429-8.571 5.714-13.143 5.714s-9.714-2.286-13.143-5.714l-65.143-65.143c-3.429-3.429-5.714-8.571-5.714-13.143s2.286-9.714 5.714-13.143l189.714-189.714-82.286-82.286c-6.857-6.857-10.857-16-10.857-25.714 0-20 16.571-36.571 36.571-36.571h256c20 0 36.571 16.571 36.571 36.571zM870.286 164.571c0 4.571-2.286 9.714-5.714 13.143l-189.714 189.714 82.286 82.286c6.857 6.857 10.857 16 10.857 25.714 0 20-16.571 36.571-36.571 36.571h-256c-20 0-36.571-16.571-36.571-36.571v-256c0-20 16.571-36.571 36.571-36.571 9.714 0 18.857 4 25.714 10.857l82.286 82.286 189.714-189.714c3.429-3.429 8.571-5.714 13.143-5.714s9.714 2.286 13.143 5.714l65.143 65.143c3.429 3.429 5.714 8.571 5.714 13.143z"],"width":877.7142857142857,"attrs":[],"isMulticolor":false,"isMulticolor2":false,"tags":["compress"],"defaultCode":61542,"grid":14},"attrs":[],"properties":{"name":"compress","id":16,"order":22,"prevSize":28,"code":61542},"setIdx":1,"setId":5,"iconIdx":16},{"icon":{"paths":["M925.714 233.143c-25.143 36.571-56.571 69.143-92.571 95.429 0.571 8 0.571 16 0.571 24 0 244-185.714 525.143-525.143 525.143-104.571 0-201.714-30.286-283.429-82.857 14.857 1.714 29.143 2.286 44.571 2.286 86.286 0 165.714-29.143 229.143-78.857-81.143-1.714-149.143-54.857-172.571-128 11.429 1.714 22.857 2.857 34.857 2.857 16.571 0 33.143-2.286 48.571-6.286-84.571-17.143-148-91.429-148-181.143v-2.286c24.571 13.714 53.143 22.286 83.429 23.429-49.714-33.143-82.286-89.714-82.286-153.714 0-34.286 9.143-65.714 25.143-93.143 90.857 112 227.429 185.143 380.571 193.143-2.857-13.714-4.571-28-4.571-42.286 0-101.714 82.286-184.571 184.571-184.571 53.143 0 101.143 22.286 134.857 58.286 41.714-8 81.714-23.429 117.143-44.571-13.714 42.857-42.857 78.857-81.143 101.714 37.143-4 73.143-14.286 106.286-28.571z"],"width":950.8571428571428,"attrs":[],"isMulticolor":false,"isMulticolor2":false,"tags":["twitter"],"defaultCode":61593,"grid":14},"attrs":[],"properties":{"name":"twitter","id":17,"order":28,"prevSize":28,"code":61593},"setIdx":1,"setId":5,"iconIdx":17},{"icon":{"paths":["M548 6.857v150.857h-89.714c-70.286 0-83.429 33.714-83.429 82.286v108h167.429l-22.286 169.143h-145.143v433.714h-174.857v-433.714h-145.714v-169.143h145.714v-124.571c0-144.571 88.571-223.429 217.714-223.429 61.714 0 114.857 4.571 130.286 6.857z"],"width":602.2582857142856,"attrs":[],"isMulticolor":false,"isMulticolor2":false,"tags":["facebook","facebook-f"],"defaultCode":61594,"grid":14},"attrs":[],"properties":{"name":"facebook, facebook-f","id":18,"order":29,"prevSize":28,"code":61594},"setIdx":1,"setId":5,"iconIdx":18},{"icon":{"paths":["M217.714 925.714c0 62.857-49.143 98.286-108.571 98.286-36 0-72.571-12-98.286-37.714l32.571-50.286c15.429 14.286 38.857 25.714 60.571 25.714 20 0 41.143-9.714 41.143-32.571 0-32-36.571-33.714-60-32l-14.857-32c20.571-26.286 39.429-55.429 64-77.714v-0.571c-18.286 0-37.143 1.143-55.429 1.143v30.286h-60.571v-86.857h190.286v50.286l-54.286 65.714c38.286 9.143 63.429 38.857 63.429 78.286zM218.857 567.429v90.857h-206.857c-1.714-10.286-3.429-20.571-3.429-30.857 0-105.714 129.143-121.714 129.143-169.714 0-19.429-12-29.714-30.857-29.714-20 0-36.571 17.143-46.286 33.143l-48.571-33.714c18.857-39.429 57.714-61.714 101.143-61.714 53.143 0 98.857 31.429 98.857 88 0 84.571-124 103.429-125.714 148h72.571v-34.286h60zM1024 749.714v109.714c0 9.714-8.571 18.286-18.286 18.286h-694.857c-10.286 0-18.286-8.571-18.286-18.286v-109.714c0-10.286 8-18.286 18.286-18.286h694.857c9.714 0 18.286 8 18.286 18.286zM219.429 236v56.571h-191.429v-56.571h61.143c0-46.286 0.571-92.571 0.571-138.857v-6.857h-1.143c-6.286 12.571-17.714 21.143-28.571 30.857l-40.571-43.429 77.714-72.571h60.571v230.857h61.714zM1024 457.143v109.714c0 9.714-8.571 18.286-18.286 18.286h-694.857c-10.286 0-18.286-8.571-18.286-18.286v-109.714c0-10.286 8-18.286 18.286-18.286h694.857c9.714 0 18.286 8 18.286 18.286zM1024 164.571v109.714c0 9.714-8.571 18.286-18.286 18.286h-694.857c-10.286 0-18.286-8.571-18.286-18.286v-109.714c0-9.714 8-18.286 18.286-18.286h694.857c9.714 0 18.286 8.571 18.286 18.286z"],"width":1032.5577142857144,"attrs":[],"isMulticolor":false,"isMulticolor2":false,"tags":["list-ol"],"defaultCode":61643,"grid":14},"attrs":[],"properties":{"name":"list-ol","id":19,"order":13,"prevSize":28,"code":61643},"setIdx":1,"setId":5,"iconIdx":19},{"icon":{"paths":["M1024 405.714v453.714c0 50.286-41.143 91.429-91.429 91.429h-841.143c-50.286 0-91.429-41.143-91.429-91.429v-453.714c17.143 18.857 36.571 35.429 57.714 49.714 94.857 64.571 190.857 129.143 284 197.143 48 35.429 107.429 78.857 169.714 78.857h1.143c62.286 0 121.714-43.429 169.714-78.857 93.143-67.429 189.143-132.571 284.571-197.143 20.571-14.286 40-30.857 57.143-49.714zM1024 237.714c0 64-47.429 121.714-97.714 156.571-89.143 61.714-178.857 123.429-267.429 185.714-37.143 25.714-100 78.286-146.286 78.286h-1.143c-46.286 0-109.143-52.571-146.286-78.286-88.571-62.286-178.286-124-266.857-185.714-40.571-27.429-98.286-92-98.286-144 0-56 30.286-104 91.429-104h841.143c49.714 0 91.429 41.143 91.429 91.429z"],"width":1024,"attrs":[],"isMulticolor":false,"isMulticolor2":false,"tags":["envelope"],"defaultCode":61664,"grid":14},"attrs":[],"properties":{"name":"envelope","id":20,"order":31,"prevSize":28,"code":61664},"setIdx":1,"setId":5,"iconIdx":20},{"icon":{"paths":["M358.286 786.286c0 4.571-2.286 9.714-5.714 13.143l-28.571 28.571c-3.429 3.429-8.571 5.714-13.143 5.714s-9.714-2.286-13.143-5.714l-266.286-266.286c-3.429-3.429-5.714-8.571-5.714-13.143s2.286-9.714 5.714-13.143l266.286-266.286c3.429-3.429 8.571-5.714 13.143-5.714s9.714 2.286 13.143 5.714l28.571 28.571c3.429 3.429 5.714 8.571 5.714 13.143s-2.286 9.714-5.714 13.143l-224.571 224.571 224.571 224.571c3.429 3.429 5.714 8.571 5.714 13.143zM577.714 786.286c0 4.571-2.286 9.714-5.714 13.143l-28.571 28.571c-3.429 3.429-8.571 5.714-13.143 5.714s-9.714-2.286-13.143-5.714l-266.286-266.286c-3.429-3.429-5.714-8.571-5.714-13.143s2.286-9.714 5.714-13.143l266.286-266.286c3.429-3.429 8.571-5.714 13.143-5.714s9.714 2.286 13.143 5.714l28.571 28.571c3.429 3.429 5.714 8.571 5.714 13.143s-2.286 9.714-5.714 13.143l-224.571 224.571 224.571 224.571c3.429 3.429 5.714 8.571 5.714 13.143z"],"width":603.4285714285714,"attrs":[],"isMulticolor":false,"isMulticolor2":false,"tags":["angle-double-left"],"defaultCode":61696,"grid":14},"attrs":[],"properties":{"name":"angle-double-left","id":21,"order":9,"prevSize":28,"code":61696},"setIdx":1,"setId":5,"iconIdx":21},{"icon":{"paths":["M340 548.571c0 4.571-2.286 9.714-5.714 13.143l-266.286 266.286c-3.429 3.429-8.571 5.714-13.143 5.714s-9.714-2.286-13.143-5.714l-28.571-28.571c-3.429-3.429-5.714-8.571-5.714-13.143s2.286-9.714 5.714-13.143l224.571-224.571-224.571-224.571c-3.429-3.429-5.714-8.571-5.714-13.143s2.286-9.714 5.714-13.143l28.571-28.571c3.429-3.429 8.571-5.714 13.143-5.714s9.714 2.286 13.143 5.714l266.286 266.286c3.429 3.429 5.714 8.571 5.714 13.143zM559.429 548.571c0 4.571-2.286 9.714-5.714 13.143l-266.286 266.286c-3.429 3.429-8.571 5.714-13.143 5.714s-9.714-2.286-13.143-5.714l-28.571-28.571c-3.429-3.429-5.714-8.571-5.714-13.143s2.286-9.714 5.714-13.143l224.571-224.571-224.571-224.571c-3.429-3.429-5.714-8.571-5.714-13.143s2.286-9.714 5.714-13.143l28.571-28.571c3.429-3.429 8.571-5.714 13.143-5.714s9.714 2.286 13.143 5.714l266.286 266.286c3.429 3.429 5.714 8.571 5.714 13.143z"],"width":566.8571428571428,"attrs":[],"isMulticolor":false,"isMulticolor2":false,"tags":["angle-double-right"],"defaultCode":61697,"grid":14},"attrs":[],"properties":{"name":"angle-double-right","id":22,"order":8,"prevSize":28,"code":61697},"setIdx":1,"setId":5,"iconIdx":22},{"icon":{"paths":["M358.286 310.857c0 4.571-2.286 9.714-5.714 13.143l-224.571 224.571 224.571 224.571c3.429 3.429 5.714 8.571 5.714 13.143s-2.286 9.714-5.714 13.143l-28.571 28.571c-3.429 3.429-8.571 5.714-13.143 5.714s-9.714-2.286-13.143-5.714l-266.286-266.286c-3.429-3.429-5.714-8.571-5.714-13.143s2.286-9.714 5.714-13.143l266.286-266.286c3.429-3.429 8.571-5.714 13.143-5.714s9.714 2.286 13.143 5.714l28.571 28.571c3.429 3.429 5.714 8 5.714 13.143z"],"width":384,"attrs":[],"isMulticolor":false,"isMulticolor2":false,"tags":["angle-left"],"defaultCode":61700,"grid":14},"attrs":[],"properties":{"name":"angle-left","id":23,"order":5,"prevSize":28,"code":61700},"setIdx":1,"setId":5,"iconIdx":23},{"icon":{"paths":["M340 548.571c0 4.571-2.286 9.714-5.714 13.143l-266.286 266.286c-3.429 3.429-8.571 5.714-13.143 5.714s-9.714-2.286-13.143-5.714l-28.571-28.571c-3.429-3.429-5.714-8-5.714-13.143 0-4.571 2.286-9.714 5.714-13.143l224.571-224.571-224.571-224.571c-3.429-3.429-5.714-8.571-5.714-13.143s2.286-9.714 5.714-13.143l28.571-28.571c3.429-3.429 8.571-5.714 13.143-5.714s9.714 2.286 13.143 5.714l266.286 266.286c3.429 3.429 5.714 8.571 5.714 13.143z"],"width":347.4285714285714,"attrs":[],"isMulticolor":false,"isMulticolor2":false,"tags":["angle-right"],"defaultCode":61701,"grid":14},"attrs":[],"properties":{"name":"angle-right","id":24,"order":6,"prevSize":28,"code":61701},"setIdx":1,"setId":5,"iconIdx":24},{"icon":{"paths":["M585.143 292.571v-269.714c8 5.143 14.857 10.286 20.571 16l233.143 233.143c5.714 5.714 10.857 12.571 16 20.571h-269.714zM512 310.857c0 30.286 24.571 54.857 54.857 54.857h310.857v603.429c0 30.286-24.571 54.857-54.857 54.857h-768c-30.286 0-54.857-24.571-54.857-54.857v-914.286c0-30.286 24.571-54.857 54.857-54.857h457.143v310.857z"],"width":877.7142857142857,"attrs":[],"isMulticolor":false,"isMulticolor2":false,"tags":["file"],"defaultCode":61787,"grid":14},"attrs":[],"properties":{"name":"file","id":25,"order":18,"prevSize":28,"code":61787},"setIdx":1,"setId":5,"iconIdx":25},{"icon":{"paths":["M0 341.143c0-210.857 193.143-341.143 388.571-341.143 179.429 0 342.857 123.429 342.857 312.571 0 177.714-90.857 374.857-293.143 374.857-48 0-108.571-24-132-68.571-43.429 172-40 197.714-136 329.143l-8 2.857-5.143-5.714c-3.429-36-8.571-71.429-8.571-107.429 0-116.571 53.714-285.143 80-398.286-14.286-29.143-18.286-64.571-18.286-96.571 0-57.714 40-130.857 105.143-130.857 48 0 73.714 36.571 73.714 81.714 0 74.286-50.286 144-50.286 216 0 49.143 40.571 83.429 88 83.429 131.429 0 172-189.714 172-290.857 0-135.429-96-209.143-225.714-209.143-150.857 0-267.429 108.571-267.429 261.714 0 73.714 45.143 111.429 45.143 129.143 0 14.857-10.857 67.429-29.714 67.429-2.857 0-6.857-1.143-9.714-1.714-81.714-24.571-111.429-133.714-111.429-208.571z"],"width":731.4285714285713,"attrs":[],"isMulticolor":false,"isMulticolor2":false,"tags":["pinterest-p"],"defaultCode":62001,"grid":14},"attrs":[],"properties":{"name":"pinterest-p","id":26,"order":30,"prevSize":28,"code":62001},"setIdx":1,"setId":5,"iconIdx":26},{"icon":{"paths":["M562.857 556.571c9.714 0 102.857 48.571 106.857 55.429 1.143 2.857 1.143 6.286 1.143 8.571 0 14.286-4.571 30.286-9.714 43.429-13.143 32-66.286 52.571-98.857 52.571-27.429 0-84-24-108.571-35.429-81.714-37.143-132.571-100.571-181.714-173.143-21.714-32-41.143-71.429-40.571-110.857v-4.571c1.143-37.714 14.857-64.571 42.286-90.286 8.571-8 17.714-12.571 29.714-12.571 6.857 0 13.714 1.714 21.143 1.714 15.429 0 18.286 4.571 24 19.429 4 9.714 33.143 87.429 33.143 93.143 0 21.714-39.429 46.286-39.429 59.429 0 2.857 1.143 5.714 2.857 8.571 12.571 26.857 36.571 57.714 58.286 78.286 26.286 25.143 54.286 41.714 86.286 57.714 4 2.286 8 4 12.571 4 17.143 0 45.714-55.429 60.571-55.429zM446.857 859.429c197.714 0 358.857-161.143 358.857-358.857s-161.143-358.857-358.857-358.857-358.857 161.143-358.857 358.857c0 75.429 24 149.143 68.571 210.286l-45.143 133.143 138.286-44c58.286 38.286 127.429 59.429 197.143 59.429zM446.857 69.714c237.714 0 430.857 193.143 430.857 430.857s-193.143 430.857-430.857 430.857c-72.571 0-144.571-18.286-208.571-53.714l-238.286 76.571 77.714-231.429c-40.571-66.857-61.714-144-61.714-222.286 0-237.714 193.143-430.857 430.857-430.857z"],"width":877.7142857142857,"attrs":[],"isMulticolor":false,"isMulticolor2":false,"tags":["whatsapp"],"defaultCode":62002,"grid":14},"attrs":[],"properties":{"name":"whatsapp","id":27,"order":27,"prevSize":28,"code":62002},"setIdx":1,"setId":5,"iconIdx":27},{"icon":{"paths":["M647.429 596c10.857 10.286 13.714 26.286 8 39.429-5.714 13.714-18.857 22.857-33.714 22.857h-218.286l114.857 272c8 18.857-1.143 40-19.429 48l-101.143 42.857c-18.857 8-40-1.143-48-19.429l-109.143-258.286-178.286 178.286c-6.857 6.857-16 10.857-25.714 10.857-4.571 0-9.714-1.143-13.714-2.857-13.714-5.714-22.857-18.857-22.857-33.714v-859.429c0-14.857 9.143-28 22.857-33.714 4-1.714 9.143-2.857 13.714-2.857 9.714 0 18.857 3.429 25.714 10.857z"],"width":661.1382857142856,"attrs":[],"isMulticolor":false,"isMulticolor2":false,"tags":["mouse-pointer"],"defaultCode":62021,"grid":14},"attrs":[],"properties":{"name":"mouse-pointer","id":28,"order":23,"prevSize":28,"code":62021},"setIdx":1,"setId":5,"iconIdx":28},{"icon":{"paths":["M475.429 73.143c-121.143 0-182.857 42.857-182.857 128v237.714h73.143v73.143h-73.143v310.857c0 85.143 61.714 128 182.857 128h36.571v73.143h-36.571c-102.857 0-178.286-29.714-219.429-83.429-41.143 53.714-116.571 83.429-219.429 83.429h-36.571v-73.143h36.571c121.143 0 182.857-42.857 182.857-128v-310.857h-73.143v-73.143h73.143v-237.714c0-85.143-61.714-128-182.857-128h-36.571v-73.143h36.571c102.857 0 178.286 29.714 219.429 83.429 41.143-53.714 116.571-83.429 219.429-83.429h36.571v73.143h-36.571z"],"width":512,"attrs":[],"isMulticolor":false,"isMulticolor2":false,"tags":["i-cursor"],"defaultCode":62022,"grid":14},"attrs":[],"properties":{"name":"i-cursor","id":29,"order":24,"prevSize":28,"code":62022},"setIdx":1,"setId":5,"iconIdx":29},{"icon":{"paths":["M614.286 420.571c0 4.571-2.286 9.714-5.714 13.143l-266.286 266.286c-3.429 3.429-8.571 5.714-13.143 5.714s-9.714-2.286-13.143-5.714l-266.286-266.286c-3.429-3.429-5.714-8.571-5.714-13.143s2.286-9.714 5.714-13.143l28.571-28.571c3.429-3.429 8-5.714 13.143-5.714 4.571 0 9.714 2.286 13.143 5.714l224.571 224.571 224.571-224.571c3.429-3.429 8.571-5.714 13.143-5.714s9.714 2.286 13.143 5.714l28.571 28.571c3.429 3.429 5.714 8.571 5.714 13.143z"],"width":658.2857142857142,"attrs":[],"isMulticolor":false,"isMulticolor2":false,"tags":["angle-down"],"defaultCode":61703,"grid":14},"attrs":[],"properties":{"name":"angle-down","id":236,"order":70,"prevSize":28,"code":61703},"setIdx":4,"setId":2,"iconIdx":236}],"height":1024,"metadata":{"name":"icomoon"},"preferences":{"showGlyphs":true,"showQuickUse":true,"showQuickUse2":true,"showSVGs":true,"fontPref":{"prefix":"icon-","metadata":{"fontFamily":"icomoon"},"metrics":{"emSize":1024,"baseline":6.25,"whitespace":50},"embed":false,"resetPoint":59648},"imagePref":{"prefix":"icon-","png":true,"useClassSelector":true,"color":0,"bgColor":16777215,"classSelector":".icon"},"historySize":50,"showCodes":true,"gridSize":16}}